{"assets/fonts/Rubik-Bold.ttf":["assets/fonts/Rubik-Bold.ttf"],"assets/fonts/Rubik-Regular.ttf":["assets/fonts/Rubik-Regular.ttf"],"assets/images/ic_info.png":["assets/images/ic_info.png"],"assets/images/ic_launch.png":["assets/images/ic_launch.png"],"assets/images/ic_launch_skip.png":["assets/images/ic_launch_skip.png"],"assets/images/ic_playlist.png":["assets/images/ic_playlist.png"],"assets/images/ic_rocket.png":["assets/images/ic_rocket.png"],"assets/images/ic_rocket_error.png":["assets/images/ic_rocket_error.png"],"assets/images/ic_rocket_launch.png":["assets/images/ic_rocket_launch.png"],"assets/images/ic_skip.png":["assets/images/ic_skip.png"],"assets/images/ic_timer.png":["assets/images/ic_timer.png"],"assets/images/ic_unicorn.png":["assets/images/ic_unicorn.png"],"packages/cupertino_icons/assets/CupertinoIcons.ttf":["packages/cupertino_icons/assets/CupertinoIcons.ttf"]}